Team,Date Eliminated
Atlanta Hawks,Playoffs
Boston Celtics,Playoffs
Brooklyn Nets,3/8/2017
Charlotte Hornets,4/8/2017
Chicago Bulls,Playoffs
Cleveland Cavaliers,Playoffs
Dallas Mavericks,4/2/2017
Denver Nuggets,4/9/2017
Detroit Pistons,4/10/2017
Golden State Warriors,Playoffs
Houston Rockets,Playoffs
Indiana Pacers,Playoffs
LA Clippers,Playoffs
Los Angeles Lakers,3/17/2017
Memphis Grizzlies,Playoffs
Miami Heat,4/12/2017
Milwaukee Bucks,Playoffs
Minnesota Timberwolves,4/1/2017
New Orleans Pelicans,4/2/2017
New York Knicks,3/29/2017
Oklahoma City Thunder,Playoffs
Orlando Magic,3/27/2017
Philadelphia 76ers,3/29/2017
Phoenix Suns,3/21/2017
Portland Trail Blazers,Playoffs
Sacramento Kings,3/29/2017
San Antonio Spurs,Playoffs
Toronto Raptors,Playoffs
Utah Jazz,Playoffs
Washington Wizards,Playoffs
